image,curl_type,thickness,density,part_position,part_shape
Frame00992-org.jpg,wavy,medium,medium,2,curved
Frame00444-org.jpg,wavy,medium,medium,3,unknown
Frame01012-org.jpg,wavy,medium,medium,3,curved
Frame00881-org.jpg,wavy,thick,dense,3,unknown
Frame01028-org.jpg,wavy,medium,medium,3,unknown
Frame00315-org.jpg,wavy,thick,medium,3,unknown
Frame00417-org.jpg,straight,medium,sparse,3,unknown
Frame00901-org.jpg,wavy,medium,medium,3,straight
Frame00614-org.jpg,wavy,thick,dense,1,straight
Frame00803-org.jpg,wavy,medium,medium,3,unknown
Frame00456-org.jpg,wavy,thick,medium,3,straight
Frame00595-org.jpg,wavy,medium,medium,3,unknown
Frame00813-org.jpg,wavy,thick,dense,3,unknown
Frame00144-org.jpg,wavy,thick,medium,3,unknown
Frame00777-org.jpg,wavy,thick,dense,1,straight
Frame00206-org.jpg,wavy,thick,medium,3,unknown
Frame00320-org.jpg,wavy,thick,dense,3,unknown
Frame00028-org.jpg,wavy,medium,medium,3,unknown
Frame00368-org.jpg,wavy,thick,dense,3,unknown
Frame00515-org.jpg,wavy,thick,medium,3,unknown
Frame00035-org.jpg,wavy,thick,dense,1,curved
Frame00956-org.jpg,wavy,medium,medium,3,unknown
Frame00287-org.jpg,wavy,medium,dense,3,unknown
Frame00909-org.jpg,wavy,thick,medium,5,straight
Frame00899-org.jpg,wavy,thick,medium,3,unknown
Frame00399-org.jpg,wavy,medium,medium,3,unknown
Frame00183-org.jpg,wavy,medium,medium,3,unknown
Frame00588-org.jpg,wavy,medium,medium,3,unknown
Frame00860-org.jpg,wavy,thick,dense,3,unknown
Frame00873-org.jpg,wavy,medium,dense,5,straight
Frame00743-org.jpg,wavy,medium,medium,3,unknown
Frame00527-org.jpg,wavy,medium,medium,1,curved
Frame00093-org.jpg,wavy,thick,sparse,3,unknown
Frame00917-org.jpg,wavy,medium,sparse,3,unknown
Frame00500-org.jpg,wavy,thick,dense,3,unknown
Frame00269-org.jpg,wavy,thick,medium,3,straight
Frame00109-org.jpg,wavy,medium,dense,3,unknown
Frame00582-org.jpg,wavy,medium,dense,3,unknown
Frame00133-org.jpg,wavy,medium,medium,3,unknown
Frame00630-org.jpg,wavy,thick,dense,3,straight
Frame00607-org.jpg,wavy,medium,dense,3,unknown
Frame00812-org.jpg,wavy,thick,dense,3,unknown
Frame00027-org.jpg,wavy,thick,dense,5,straight
Frame00521-org.jpg,wavy,thick,medium,5,straight
Frame00241-org.jpg,wavy,medium,medium,3,unknown
Frame00763-org.jpg,wavy,medium,dense,3,unknown
Frame00001-org.jpg,wavy,thick,medium,3,unknown
Frame00861-org.jpg,wavy,thick,medium,3,unknown
Frame00530-org.jpg,wavy,medium,medium,1,straight
Frame00954-org.jpg,wavy,medium,dense,3,unknown
Frame00258-org.jpg,wavy,medium,dense,3,straight
Frame00296-org.jpg,wavy,thick,dense,3,unknown
Frame00132-org.jpg,wavy,medium,medium,3,unknown
Frame00276-org.jpg,wavy,medium,dense,3,unknown
Frame00946-org.jpg,wavy,thick,medium,3,unknown
Frame00375-org.jpg,wavy,thick,medium,3,unknown
Frame00976-org.jpg,wavy,medium,medium,3,unknown
Frame00541-org.jpg,wavy,thick,sparse,3,unknown
Frame01035-org.jpg,wavy,medium,dense,3,unknown
Frame00131-org.jpg,wavy,medium,medium,3,unknown
Frame00705-org.jpg,wavy,thick,medium,3,unknown
Frame00342-org.jpg,wavy,medium,dense,3,straight
Frame00422-org.jpg,wavy,thick,medium,3,unknown
Frame00641-org.jpg,wavy,thick,medium,3,unknown
Frame00250-org.jpg,wavy,thick,medium,3,unknown
Frame00461-org.jpg,wavy,thick,medium,3,unknown
Frame00264-org.jpg,wavy,medium,dense,3,unknown
Frame00343-org.jpg,wavy,medium,medium,3,curved
Frame00057-org.jpg,wavy,thick,medium,3,unknown
Frame00364-org.jpg,wavy,medium,dense,3,unknown
Frame00505-org.jpg,wavy,medium,medium,5,straight
Frame00080-org.jpg,wavy,thick,medium,3,unknown
Frame00502-org.jpg,wavy,thick,dense,5,straight
Frame00229-org.jpg,wavy,thick,dense,3,unknown
Frame00799-org.jpg,wavy,thick,dense,3,unknown
Frame01006-org.jpg,wavy,medium,medium,3,unknown
Frame00136-org.jpg,wavy,thick,dense,3,unknown
Frame00628-org.jpg,wavy,medium,medium,3,unknown
Frame00284-org.jpg,wavy,medium,medium,3,unknown
Frame00908-org.jpg,wavy,thick,medium,3,unknown
Frame00145-org.jpg,wavy,thick,medium,3,unknown
Frame00394-org.jpg,wavy,thick,dense,1,curved
Frame00765-org.jpg,wavy,thick,dense,3,unknown
Frame00693-org.jpg,wavy,thick,medium,3,unknown
Frame00943-org.jpg,wavy,medium,medium,1,straight
Frame00725-org.jpg,wavy,thick,medium,3,unknown
Frame00560-org.jpg,wavy,medium,medium,3,unknown
Frame00392-org.jpg,wavy,thick,medium,1,curved
Frame00586-org.jpg,wavy,medium,medium,3,unknown
Frame00690-org.jpg,straight,thick,sparse,3,unknown
Frame00211-org.jpg,wavy,thick,medium,5,straight
Frame00110-org.jpg,wavy,medium,medium,5,straight
Frame00474-org.jpg,wavy,thick,medium,3,unknown
Frame00580-org.jpg,wavy,thick,dense,1,straight
Frame00852-org.jpg,wavy,medium,dense,3,unknown
Frame00475-org.jpg,wavy,thick,dense,3,unknown
Frame00848-org.jpg,wavy,thick,dense,3,unknown
Frame00472-org.jpg,wavy,medium,medium,3,unknown
Frame00122-org.jpg,wavy,thick,dense,3,unknown
Frame00438-org.jpg,wavy,thick,dense,3,unknown
Frame00003-org.jpg,wavy,thick,medium,3,unknown
Frame00528-org.jpg,wavy,medium,medium,1,straight
Frame00380-org.jpg,wavy,thick,dense,3,unknown
Frame00620-org.jpg,wavy,medium,medium,3,unknown
Frame00189-org.jpg,wavy,medium,medium,3,unknown
Frame00657-org.jpg,wavy,medium,medium,3,unknown
Frame00687-org.jpg,wavy,medium,medium,3,unknown
Frame00786-org.jpg,wavy,thick,dense,3,unknown
Frame00942-org.jpg,wavy,medium,dense,3,unknown
Frame00317-org.jpg,wavy,thick,dense,3,unknown
Frame00337-org.jpg,wavy,thick,dense,3,unknown
Frame00672-org.jpg,wavy,thick,dense,3,unknown
Frame00286-org.jpg,wavy,medium,medium,5,straight
Frame00377-org.jpg,wavy,thick,dense,5,curved
Frame00574-org.jpg,wavy,thick,medium,3,unknown
Frame00915-org.jpg,wavy,medium,medium,3,straight
Frame00529-org.jpg,wavy,medium,dense,3,unknown
Frame00020-org.jpg,wavy,medium,dense,3,unknown
Frame00191-org.jpg,wavy,thick,medium,3,unknown
Frame00683-org.jpg,wavy,thick,medium,3,unknown
Frame00994-org.jpg,wavy,medium,medium,3,unknown
Frame00488-org.jpg,straight,thick,sparse,3,unknown
Frame00514-org.jpg,wavy,medium,medium,3,unknown
Frame00920-org.jpg,wavy,medium,dense,3,unknown
Frame00696-org.jpg,wavy,medium,medium,3,unknown
Frame00351-org.jpg,wavy,thick,medium,3,unknown
Frame00312-org.jpg,wavy,thick,medium,3,unknown
Frame00509-org.jpg,wavy,medium,dense,5,straight
Frame00639-org.jpg,wavy,thick,medium,5,curved
Frame00727-org.jpg,wavy,medium,medium,3,straight
Frame00137-org.jpg,wavy,thick,medium,5,straight
Frame00517-org.jpg,wavy,medium,dense,3,unknown
Frame00691-org.jpg,wavy,thick,medium,3,unknown
Frame00703-org.jpg,wavy,medium,medium,1,unknown
Frame00598-org.jpg,wavy,thick,medium,3,unknown
Frame00924-org.jpg,wavy,thick,medium,3,unknown
Frame00465-org.jpg,wavy,thick,medium,3,unknown
Frame00655-org.jpg,wavy,thick,medium,3,unknown
Frame00448-org.jpg,wavy,medium,medium,5,straight
Frame01029-org.jpg,wavy,medium,medium,3,unknown
Frame00634-org.jpg,wavy,thick,dense,3,curved
Frame00986-org.jpg,wavy,medium,dense,3,unknown
Frame00411-org.jpg,wavy,thick,medium,3,unknown
Frame00945-org.jpg,wavy,medium,medium,3,unknown
Frame00698-org.jpg,wavy,medium,medium,3,straight
Frame00161-org.jpg,wavy,thick,dense,3,straight
Frame00854-org.jpg,wavy,medium,dense,3,unknown
Frame00857-org.jpg,wavy,medium,dense,3,unknown
Frame00219-org.jpg,wavy,thick,medium,3,unknown
Frame00119-org.jpg,wavy,medium,medium,3,unknown
Frame00051-org.jpg,wavy,medium,medium,3,unknown
Frame00537-org.jpg,wavy,medium,medium,3,unknown
Frame00928-org.jpg,wavy,thick,medium,3,unknown
Frame00501-org.jpg,wavy,medium,medium,3,unknown
Frame00804-org.jpg,wavy,thick,dense,3,unknown
Frame00731-org.jpg,wavy,thick,medium,5,straight
Frame00405-org.jpg,wavy,medium,medium,3,unknown
Frame00190-org.jpg,wavy,thick,medium,3,straight
Frame00443-org.jpg,wavy,medium,dense,3,unknown
Frame00097-org.jpg,straight,medium,sparse,3,unknown
Frame00316-org.jpg,wavy,thick,dense,3,unknown
Frame00789-org.jpg,wavy,thick,dense,3,unknown
Frame00180-org.jpg,straight,thick,sparse,3,unknown
Frame00702-org.jpg,wavy,thick,medium,3,unknown
Frame00091-org.jpg,wavy,thick,sparse,3,unknown
Frame00692-org.jpg,wavy,medium,dense,3,unknown
Frame00231-org.jpg,wavy,thick,dense,3,unknown
Frame00565-org.jpg,wavy,medium,dense,3,unknown
Frame00476-org.jpg,wavy,medium,dense,3,unknown
Frame01004-org.jpg,wavy,thick,medium,3,unknown
Frame00040-org.jpg,wavy,medium,sparse,3,straight
Frame00591-org.jpg,wavy,thick,dense,3,unknown
Frame00911-org.jpg,wavy,thick,sparse,3,unknown
Frame00034-org.jpg,wavy,thick,dense,1,straight
Frame00949-org.jpg,wavy,medium,dense,3,unknown
Frame00199-org.jpg,wavy,thick,dense,3,unknown
Frame00455-org.jpg,wavy,thick,dense,3,unknown
Frame00379-org.jpg,wavy,medium,dense,3,unknown
Frame00950-org.jpg,wavy,medium,medium,3,unknown
Frame00557-org.jpg,wavy,thick,medium,3,unknown
Frame00493-org.jpg,wavy,thick,medium,5,straight
Frame00597-org.jpg,wavy,medium,dense,3,unknown
Frame00184-org.jpg,wavy,medium,medium,3,unknown
Frame00544-org.jpg,wavy,thick,medium,3,unknown
Frame00885-org.jpg,wavy,thick,medium,3,unknown
Frame00200-org.jpg,wavy,thick,dense,3,straight
Frame00682-org.jpg,straight,thick,sparse,3,unknown
Frame00612-org.jpg,wavy,thick,medium,3,unknown
Frame00378-org.jpg,wavy,thick,medium,3,unknown
Frame00549-org.jpg,wavy,medium,dense,3,unknown
Frame00326-org.jpg,wavy,thick,dense,3,unknown
Frame01016-org.jpg,wavy,medium,medium,3,unknown
Frame00713-org.jpg,wavy,medium,medium,1,straight
Frame00452-org.jpg,wavy,thick,medium,3,unknown
Frame00395-org.jpg,wavy,medium,medium,3,unknown
Frame00539-org.jpg,wavy,thick,dense,3,unknown
Frame00810-org.jpg,wavy,medium,dense,3,unknown
Frame00644-org.jpg,wavy,thick,medium,3,unknown
Frame00963-org.jpg,straight,thick,sparse,3,unknown
Frame00261-org.jpg,wavy,medium,dense,3,straight
Frame00879-org.jpg,wavy,medium,dense,5,straight
Frame00615-org.jpg,wavy,medium,medium,3,unknown
Frame00185-org.jpg,wavy,thick,dense,3,straight
Frame00750-org.jpg,wavy,thick,dense,3,unknown
Frame00473-org.jpg,wavy,medium,medium,1,straight
Frame00674-org.jpg,wavy,medium,dense,3,unknown
Frame00140-org.jpg,straight,thick,sparse,3,unknown
Frame00036-org.jpg,wavy,medium,medium,3,unknown
Frame00793-org.jpg,wavy,thick,medium,3,unknown
Frame00339-org.jpg,wavy,thick,dense,3,unknown
Frame01000-org.jpg,wavy,medium,dense,3,straight
Frame00958-org.jpg,wavy,medium,medium,3,unknown
Frame00716-org.jpg,wavy,medium,medium,3,unknown
Frame00540-org.jpg,wavy,medium,dense,1,straight
Frame00621-org.jpg,wavy,medium,dense,3,unknown
Frame01020-org.jpg,wavy,medium,medium,3,unknown
Frame00805-org.jpg,wavy,medium,dense,3,unknown
Frame00718-org.jpg,wavy,thick,medium,3,unknown
Frame00886-org.jpg,wavy,thick,medium,3,straight
Frame00570-org.jpg,wavy,medium,medium,3,unknown
Frame00012-org.jpg,wavy,thick,medium,3,unknown
Frame00914-org.jpg,wavy,medium,sparse,3,unknown
Frame00736-org.jpg,wavy,thick,medium,3,curved
Frame00173-org.jpg,wavy,thick,medium,3,straight
Frame00797-org.jpg,wavy,thick,medium,3,unknown
Frame00194-org.jpg,wavy,thick,dense,3,straight
Frame00150-org.jpg,wavy,medium,medium,3,unknown
Frame00677-org.jpg,wavy,thick,medium,3,unknown
Frame00160-org.jpg,wavy,thick,medium,3,straight
Frame00876-org.jpg,wavy,medium,medium,3,straight
Frame00142-org.jpg,wavy,medium,dense,3,unknown
Frame00192-org.jpg,wavy,thick,dense,3,unknown
Frame00046-org.jpg,wavy,thick,medium,3,unknown
Frame00360-org.jpg,wavy,medium,medium,5,curved
Frame00481-org.jpg,wavy,thick,medium,3,unknown
Frame00941-org.jpg,wavy,thick,dense,3,unknown
Frame00573-org.jpg,wavy,medium,medium,3,unknown
Frame00577-org.jpg,wavy,medium,medium,1,diagonal
Frame00239-org.jpg,wavy,thick,dense,3,unknown
Frame00815-org.jpg,wavy,thick,dense,3,unknown
Frame00396-org.jpg,wavy,thick,medium,3,unknown
Frame00936-org.jpg,wavy,thick,medium,3,unknown
Frame01047-org.jpg,wavy,thick,dense,3,unknown
Frame00236-org.jpg,wavy,medium,medium,3,unknown
Frame00037-org.jpg,wavy,thick,dense,3,unknown
Frame00078-org.jpg,wavy,medium,dense,3,unknown
Frame00637-org.jpg,wavy,medium,medium,1,diagonal
Frame00437-org.jpg,wavy,thick,dense,3,unknown
Frame00927-org.jpg,wavy,medium,dense,4,diagonal
Frame00776-org.jpg,wavy,medium,dense,3,unknown
Frame00223-org.jpg,wavy,medium,dense,5,curved
Frame00070-org.jpg,wavy,thick,medium,3,unknown
Frame00357-org.jpg,wavy,medium,medium,3,unknown
Frame00891-org.jpg,wavy,thick,dense,3,unknown
Frame00494-org.jpg,wavy,medium,dense,1,curved
Frame00254-org.jpg,wavy,medium,medium,5,straight
Frame00464-org.jpg,wavy,thick,dense,3,unknown
Frame00738-org.jpg,wavy,medium,medium,4,straight
Frame00553-org.jpg,wavy,thick,medium,3,straight
Frame00970-org.jpg,wavy,medium,dense,3,straight
Frame00808-org.jpg,wavy,thick,medium,2,straight
Frame00779-org.jpg,wavy,medium,dense,3,unknown
Frame00732-org.jpg,wavy,medium,dense,3,unknown
Frame00571-org.jpg,wavy,thick,dense,3,unknown
Frame00305-org.jpg,wavy,thick,dense,3,unknown
Frame00107-org.jpg,wavy,thick,dense,3,straight
Frame00352-org.jpg,wavy,thick,medium,3,unknown
Frame00835-org.jpg,wavy,thick,dense,3,unknown
Frame00428-org.jpg,wavy,thick,dense,3,unknown
Frame00224-org.jpg,wavy,thick,medium,3,unknown
Frame00834-org.jpg,wavy,thick,dense,3,unknown
Frame00260-org.jpg,wavy,thick,dense,3,unknown
Frame00061-org.jpg,wavy,medium,medium,5,diagonal
Frame00298-org.jpg,wavy,thick,medium,3,straight
Frame00106-org.jpg,wavy,thick,medium,3,unknown
Frame00067-org.jpg,wavy,thick,medium,3,unknown
Frame00130-org.jpg,wavy,medium,medium,3,unknown
Frame00760-org.jpg,wavy,thick,dense,3,unknown
Frame00118-org.jpg,wavy,thick,dense,3,unknown
Frame00564-org.jpg,wavy,medium,dense,3,unknown
Frame00811-org.jpg,wavy,thick,medium,3,unknown
Frame00665-org.jpg,wavy,medium,dense,3,straight
Frame00430-org.jpg,wavy,thick,sparse,3,unknown
Frame00624-org.jpg,wavy,thick,dense,3,unknown
Frame00214-org.jpg,wavy,medium,medium,5,straight
Frame00893-org.jpg,wavy,medium,dense,3,unknown
Frame00389-org.jpg,wavy,thick,medium,1,straight
Frame00519-org.jpg,wavy,medium,medium,3,unknown
Frame00843-org.jpg,wavy,thick,dense,3,unknown
Frame00413-org.jpg,wavy,thick,medium,3,unknown
Frame00824-org.jpg,wavy,thick,dense,3,unknown
Frame00002-org.jpg,wavy,thick,dense,5,straight
Frame00904-org.jpg,wavy,medium,medium,5,curved
Frame00344-org.jpg,wavy,medium,dense,3,unknown
Frame00766-org.jpg,wavy,thick,medium,3,unknown
Frame01014-org.jpg,wavy,thick,medium,3,unknown
Frame00318-org.jpg,wavy,thick,dense,3,unknown
Frame00094-org.jpg,wavy,thick,medium,3,unknown
Frame01044-org.jpg,wavy,thick,medium,3,unknown
Frame00603-org.jpg,wavy,thick,medium,3,unknown
Frame00671-org.jpg,wavy,thick,dense,3,unknown
Frame00710-org.jpg,wavy,medium,dense,3,unknown
Frame00291-org.jpg,wavy,medium,medium,3,unknown
Frame00492-org.jpg,wavy,thick,dense,3,straight
Frame00359-org.jpg,wavy,medium,medium,1,straight
Frame00479-org.jpg,wavy,thick,medium,3,unknown
Frame00934-org.jpg,straight,thick,sparse,3,unknown
Frame00554-org.jpg,wavy,thick,dense,3,unknown
Frame00449-org.jpg,wavy,thick,medium,3,unknown
Frame00198-org.jpg,wavy,thick,medium,1,curved
Frame00111-org.jpg,wavy,thick,dense,3,unknown
Frame00841-org.jpg,wavy,medium,sparse,3,unknown
Frame00823-org.jpg,wavy,thick,dense,3,unknown
Frame00679-org.jpg,wavy,thick,medium,3,unknown
Frame00996-org.jpg,wavy,thick,sparse,3,unknown
Frame00349-org.jpg,wavy,thick,dense,3,unknown
Frame00323-org.jpg,wavy,thick,dense,3,unknown
Frame00292-org.jpg,wavy,thick,dense,3,unknown
Frame00011-org.jpg,wavy,thick,medium,3,unknown
Frame00233-org.jpg,wavy,thick,medium,3,unknown
Frame00047-org.jpg,wavy,thick,dense,3,unknown
Frame00006-org.jpg,wavy,thick,dense,1,unknown
Frame00839-org.jpg,wavy,medium,dense,2,straight
Frame00439-org.jpg,wavy,medium,dense,5,straight
Frame00022-org.jpg,wavy,thick,dense,3,unknown
Frame00485-org.jpg,wavy,medium,medium,3,unknown
Frame00590-org.jpg,wavy,medium,dense,3,unknown
Frame00678-org.jpg,wavy,thick,medium,3,unknown
Frame00830-org.jpg,wavy,thick,dense,3,unknown
Frame00625-org.jpg,wavy,medium,medium,3,unknown
Frame00542-org.jpg,wavy,thick,medium,3,unknown
Frame00158-org.jpg,wavy,thick,medium,3,straight
Frame00754-org.jpg,wavy,thick,dense,3,unknown
Frame00845-org.jpg,wavy,medium,dense,5,straight
Frame00926-org.jpg,wavy,thick,dense,3,unknown
Frame00778-org.jpg,wavy,medium,medium,3,unknown
Frame00235-org.jpg,wavy,medium,medium,5,curved
Frame00073-org.jpg,wavy,medium,dense,3,unknown
Frame00566-org.jpg,wavy,medium,medium,3,unknown
Frame00297-org.jpg,wavy,medium,medium,3,unknown
Frame00709-org.jpg,wavy,medium,medium,5,straight
Frame00100-org.jpg,wavy,thick,medium,3,unknown
Frame00874-org.jpg,wavy,medium,medium,1,curved
Frame00244-org.jpg,wavy,thick,medium,3,unknown
Frame00421-org.jpg,wavy,thick,dense,3,unknown
Frame00268-org.jpg,wavy,medium,medium,3,unknown
Frame00249-org.jpg,wavy,thick,medium,3,unknown
Frame00482-org.jpg,wavy,thick,medium,3,unknown
Frame00170-org.jpg,wavy,thick,medium,3,straight
Frame00910-org.jpg,wavy,medium,medium,1,straight
Frame00436-org.jpg,wavy,medium,medium,3,unknown
Frame00322-org.jpg,wavy,thick,dense,3,unknown
Frame00821-org.jpg,wavy,thick,dense,3,unknown
Frame00916-org.jpg,wavy,medium,medium,3,unknown
Frame00635-org.jpg,wavy,thick,dense,3,unknown
Frame00871-org.jpg,wavy,thick,dense,3,unknown
Frame00522-org.jpg,wavy,medium,sparse,3,unknown
Frame00513-org.jpg,wavy,medium,medium,3,unknown
Frame00988-org.jpg,wavy,medium,medium,1,curved
Frame00664-org.jpg,wavy,medium,dense,3,unknown
Frame00673-org.jpg,wavy,thick,medium,3,unknown
Frame00508-org.jpg,wavy,medium,dense,3,unknown
Frame00840-org.jpg,wavy,medium,medium,5,straight
Frame00226-org.jpg,wavy,thick,medium,3,unknown
Frame00120-org.jpg,wavy,medium,dense,3,straight
Frame00866-org.jpg,wavy,medium,dense,3,unknown
Frame00300-org.jpg,wavy,medium,medium,5,straight
Frame00585-org.jpg,wavy,thick,dense,3,straight
Frame01032-org.jpg,wavy,medium,medium,3,unknown
Frame00887-org.jpg,wavy,thick,medium,3,straight
Frame00818-org.jpg,wavy,thick,dense,4,unknown
Frame00330-org.jpg,wavy,thick,dense,3,unknown
Frame00919-org.jpg,wavy,medium,dense,3,unknown
Frame00593-org.jpg,wavy,thick,dense,3,unknown
Frame00747-org.jpg,wavy,medium,dense,3,unknown
Frame00711-org.jpg,wavy,thick,dense,3,unknown
Frame00341-org.jpg,wavy,thick,dense,3,unknown
Frame00499-org.jpg,wavy,medium,medium,1,curved
Frame00025-org.jpg,wavy,thick,medium,3,unknown
Frame01007-org.jpg,wavy,thick,medium,3,unknown
Frame00108-org.jpg,wavy,medium,dense,3,unknown
Frame00159-org.jpg,wavy,thick,medium,3,straight
Frame00171-org.jpg,wavy,thick,medium,3,straight
Frame00613-org.jpg,wavy,medium,dense,3,unknown
Frame00309-org.jpg,wavy,thick,dense,3,unknown
Frame00849-org.jpg,wavy,thick,dense,3,unknown
Frame00932-org.jpg,wavy,medium,medium,3,curved
Frame00999-org.jpg,wavy,medium,medium,3,unknown
Frame00077-org.jpg,wavy,thick,medium,3,unknown
Frame00083-org.jpg,wavy,thick,dense,3,unknown
Frame00088-org.jpg,wavy,medium,medium,3,unknown
Frame00684-org.jpg,wavy,medium,medium,3,straight
Frame00882-org.jpg,wavy,medium,dense,3,unknown
Frame00925-org.jpg,wavy,thick,medium,3,unknown
Frame00787-org.jpg,wavy,thick,dense,3,unknown
Frame00478-org.jpg,wavy,medium,dense,5,curved
Frame00829-org.jpg,wavy,medium,medium,3,unknown
Frame00243-org.jpg,wavy,medium,medium,5,straight
Frame00556-org.jpg,wavy,medium,medium,3,unknown
Frame00445-org.jpg,wavy,medium,medium,3,straight
Frame00851-org.jpg,wavy,thick,medium,1,straight
Frame00831-org.jpg,wavy,thick,dense,3,unknown
Frame00619-org.jpg,wavy,thick,dense,3,unknown
Frame00618-org.jpg,wavy,thick,medium,3,unknown
Frame00780-org.jpg,wavy,thick,dense,5,curved
Frame00234-org.jpg,wavy,thick,medium,3,straight
Frame00256-org.jpg,wavy,thick,dense,3,unknown
Frame00896-org.jpg,wavy,thick,dense,3,straight
Frame00477-org.jpg,straight,thick,sparse,1,straight
Frame00533-org.jpg,wavy,medium,medium,3,unknown
Frame00348-org.jpg,wavy,medium,dense,1,curved
Frame00626-org.jpg,wavy,thick,medium,3,unknown
Frame00497-org.jpg,wavy,thick,medium,3,unknown
Frame00880-org.jpg,wavy,medium,dense,3,straight
Frame00735-org.jpg,wavy,thick,dense,3,unknown
Frame00806-org.jpg,wavy,thick,dense,1,straight
Frame00383-org.jpg,wavy,thick,sparse,3,straight
Frame00609-org.jpg,wavy,thick,dense,3,straight
Frame00016-org.jpg,wavy,medium,medium,3,unknown
Frame00921-org.jpg,wavy,medium,dense,3,unknown
Frame00167-org.jpg,wavy,thick,dense,3,straight
Frame00825-org.jpg,wavy,thick,dense,3,unknown
Frame01019-org.jpg,wavy,medium,medium,3,unknown
Frame01001-org.jpg,wavy,medium,medium,3,unknown
Frame00009-org.jpg,wavy,medium,dense,3,unknown
Frame00468-org.jpg,wavy,thick,dense,3,unknown
Frame00038-org.jpg,wavy,thick,medium,3,unknown
Frame01024-org.jpg,wavy,thick,medium,3,unknown
Frame00930-org.jpg,straight,thick,sparse,3,unknown
Frame00419-org.jpg,wavy,thick,dense,5,straight
Frame00407-org.jpg,wavy,medium,medium,3,unknown
Frame00864-org.jpg,wavy,medium,dense,3,unknown
Frame00653-org.jpg,wavy,thick,medium,3,unknown
Frame00723-org.jpg,wavy,thick,dense,3,unknown
Frame00907-org.jpg,straight,thick,sparse,3,unknown
Frame00894-org.jpg,wavy,thick,dense,3,unknown
Frame00890-org.jpg,wavy,thick,dense,3,unknown
Frame01025-org.jpg,wavy,medium,medium,3,unknown
Frame00227-org.jpg,wavy,thick,medium,3,unknown
Frame00017-org.jpg,wavy,thick,medium,3,unknown
Frame00007-org.jpg,wavy,medium,dense,3,unknown
Frame00412-org.jpg,wavy,thick,medium,3,unknown
Frame00299-org.jpg,wavy,thick,medium,3,unknown
Frame00600-org.jpg,wavy,medium,medium,3,unknown
Frame00026-org.jpg,wavy,medium,dense,3,unknown
Frame00545-org.jpg,wavy,thick,dense,3,unknown
Frame00255-org.jpg,wavy,medium,dense,3,unknown
Frame00146-org.jpg,wavy,medium,dense,3,straight
Frame00875-org.jpg,wavy,medium,medium,3,curved
Frame00275-org.jpg,wavy,medium,medium,3,unknown
Frame00054-org.jpg,wavy,thick,dense,3,unknown
Frame00844-org.jpg,wavy,thick,dense,3,unknown
Frame00071-org.jpg,wavy,medium,medium,3,unknown
Frame00197-org.jpg,wavy,thick,dense,3,unknown
Frame00955-org.jpg,wavy,medium,dense,3,unknown
Frame00117-org.jpg,wavy,medium,dense,3,unknown
Frame00733-org.jpg,wavy,medium,dense,5,straight
Frame00008-org.jpg,wavy,medium,dense,3,straight
Frame00174-org.jpg,wavy,medium,medium,3,straight
Frame00441-org.jpg,wavy,medium,medium,3,unknown
Frame00447-org.jpg,wavy,medium,medium,3,unknown
Frame00807-org.jpg,wavy,medium,medium,3,straight
Frame00066-org.jpg,wavy,medium,sparse,5,diagonal
Frame00550-org.jpg,wavy,thick,medium,3,curved
Frame01021-org.jpg,wavy,medium,sparse,3,unknown
Frame00355-org.jpg,wavy,thick,medium,3,unknown
Frame00670-org.jpg,wavy,medium,medium,3,unknown
Frame00652-org.jpg,wavy,medium,dense,3,curved
Frame00546-org.jpg,wavy,thick,medium,3,straight
Frame00273-org.jpg,wavy,thick,dense,3,unknown
Frame00506-org.jpg,wavy,thick,medium,3,unknown
Frame00748-org.jpg,wavy,medium,medium,3,unknown
Frame01030-org.jpg,wavy,thick,dense,5,straight
Frame00870-org.jpg,wavy,thick,sparse,3,unknown
Frame00759-org.jpg,wavy,medium,dense,3,unknown
Frame00218-org.jpg,wavy,thick,medium,3,unknown
Frame00800-org.jpg,wavy,thick,medium,3,straight
Frame00228-org.jpg,straight,thick,sparse,3,unknown
Frame00446-org.jpg,wavy,medium,dense,3,unknown
Frame00608-org.jpg,wavy,thick,dense,3,unknown
Frame00295-org.jpg,wavy,medium,medium,3,unknown
Frame00555-org.jpg,wavy,medium,medium,3,unknown
Frame00654-org.jpg,wavy,medium,medium,3,unknown
Frame00707-org.jpg,wavy,thick,dense,3,unknown
Frame00205-org.jpg,wavy,thick,medium,3,unknown
Frame00345-org.jpg,wavy,thick,dense,3,unknown
Frame00014-org.jpg,wavy,medium,medium,3,unknown
Frame00980-org.jpg,wavy,medium,sparse,3,unknown
Frame00957-org.jpg,wavy,medium,dense,3,unknown
Frame00689-org.jpg,wavy,medium,dense,3,unknown
Frame00289-org.jpg,wavy,thick,medium,3,unknown
Frame00042-org.jpg,wavy,medium,dense,5,curved
Frame01011-org.jpg,wavy,medium,sparse,5,straight
Frame00279-org.jpg,wavy,medium,medium,5,straight
Frame00552-org.jpg,wavy,thick,medium,3,unknown
Frame00376-org.jpg,wavy,medium,dense,3,unknown
Frame00147-org.jpg,wavy,medium,medium,2,curved
Frame00087-org.jpg,wavy,thick,medium,3,unknown
Frame00123-org.jpg,wavy,medium,medium,3,unknown
Frame00335-org.jpg,wavy,thick,medium,1,curved
Frame00757-org.jpg,wavy,medium,medium,3,unknown
Frame00044-org.jpg,wavy,medium,dense,5,straight
Frame00245-org.jpg,wavy,medium,medium,3,unknown
Frame00833-org.jpg,wavy,thick,dense,3,straight
Frame00768-org.jpg,wavy,medium,medium,3,unknown
Frame00719-org.jpg,wavy,thick,dense,3,unknown
Frame00453-org.jpg,wavy,medium,dense,3,unknown
Frame00753-org.jpg,wavy,medium,dense,3,unknown
Frame00304-org.jpg,wavy,thick,dense,3,unknown
Frame00724-org.jpg,wavy,medium,medium,3,unknown
Frame00905-org.jpg,wavy,medium,medium,3,straight
Frame00633-org.jpg,wavy,thick,dense,3,unknown
Frame00979-org.jpg,wavy,medium,dense,3,unknown
Frame00898-org.jpg,wavy,medium,medium,1,straight
Frame01036-org.jpg,wavy,medium,medium,3,unknown
Frame00872-org.jpg,wavy,thick,dense,3,unknown
Frame00895-org.jpg,wavy,thick,dense,3,unknown
Frame00629-org.jpg,wavy,thick,medium,5,straight
Frame00939-org.jpg,wavy,medium,medium,3,straight
Frame00156-org.jpg,wavy,thick,medium,3,straight
Frame00602-org.jpg,wavy,medium,medium,3,unknown
Frame00410-org.jpg,wavy,medium,dense,5,straight
Frame00382-org.jpg,wavy,thick,sparse,3,unknown
Frame00611-org.jpg,wavy,thick,dense,3,unknown
Frame00402-org.jpg,wavy,medium,dense,3,unknown
Frame00816-org.jpg,wavy,thick,medium,3,unknown
Frame00658-org.jpg,wavy,thick,dense,3,unknown
Frame00099-org.jpg,wavy,medium,medium,3,unknown
Frame00774-org.jpg,wavy,thick,dense,3,unknown
Frame00127-org.jpg,wavy,medium,medium,1,curved
Frame00143-org.jpg,wavy,thick,dense,3,unknown
Frame00162-org.jpg,wavy,thick,medium,3,straight
Frame00717-org.jpg,wavy,thick,medium,3,curved
Frame01038-org.jpg,wavy,medium,medium,3,unknown
Frame00193-org.jpg,wavy,medium,medium,3,unknown
Frame00460-org.jpg,wavy,medium,dense,1,unknown
Frame00076-org.jpg,wavy,thick,medium,3,unknown
Frame00283-org.jpg,wavy,medium,dense,3,unknown
Frame00610-org.jpg,wavy,medium,dense,3,straight
Frame00313-org.jpg,wavy,medium,medium,1,straight
Frame00248-org.jpg,wavy,thick,dense,3,unknown
Frame01043-org.jpg,wavy,thick,medium,3,unknown
Frame00623-org.jpg,wavy,medium,dense,3,curved
Frame00426-org.jpg,wavy,medium,medium,3,unknown
Frame00944-org.jpg,wavy,thick,dense,3,unknown
Frame00863-org.jpg,wavy,thick,dense,3,unknown
Frame00538-org.jpg,wavy,thick,medium,5,straight
Frame00842-org.jpg,wavy,thick,dense,3,unknown
Frame00532-org.jpg,wavy,medium,sparse,3,unknown
Frame00648-org.jpg,wavy,thick,sparse,3,unknown
Frame01046-org.jpg,wavy,thick,dense,3,unknown
Frame00973-org.jpg,wavy,medium,dense,1,straight
Frame00327-org.jpg,wavy,thick,dense,3,unknown
Frame00865-org.jpg,wavy,medium,medium,3,unknown
Frame00166-org.jpg,wavy,thick,dense,3,straight
Frame00152-org.jpg,wavy,thick,medium,3,straight
Frame00350-org.jpg,wavy,thick,medium,3,unknown
Frame00429-org.jpg,wavy,medium,medium,3,straight
Frame00434-org.jpg,wavy,medium,medium,3,unknown
Frame00752-org.jpg,wavy,medium,medium,3,unknown
Frame00029-org.jpg,wavy,medium,medium,3,unknown
Frame00751-org.jpg,wavy,thick,dense,3,unknown
Frame00225-org.jpg,wavy,thick,dense,3,unknown
Frame00953-org.jpg,wavy,medium,medium,3,unknown
Frame00400-org.jpg,wavy,medium,medium,3,unknown
Frame00181-org.jpg,wavy,thick,dense,3,straight
Frame00362-org.jpg,wavy,medium,medium,3,straight
Frame00331-org.jpg,wavy,medium,medium,3,unknown
Frame00059-org.jpg,wavy,medium,medium,3,unknown
Frame00966-org.jpg,wavy,medium,dense,3,unknown
Frame00606-org.jpg,wavy,medium,medium,3,straight
Frame00567-org.jpg,wavy,thick,dense,3,unknown
Frame00230-org.jpg,wavy,medium,medium,3,unknown
Frame00175-org.jpg,wavy,thick,medium,3,unknown
Frame00369-org.jpg,wavy,thick,dense,3,unknown
Frame01031-org.jpg,straight,thick,sparse,3,unknown
Frame00148-org.jpg,straight,thick,sparse,3,unknown
Frame00837-org.jpg,wavy,thick,medium,3,unknown
Frame00125-org.jpg,wavy,medium,medium,3,unknown
Frame00855-org.jpg,wavy,thick,medium,5,straight
Frame00796-org.jpg,wavy,thick,dense,3,unknown
Frame00987-org.jpg,wavy,medium,medium,3,unknown
Frame00985-org.jpg,wavy,thick,sparse,3,unknown
Frame00504-org.jpg,wavy,medium,medium,1,curved
Frame00023-org.jpg,wavy,thick,medium,3,unknown
Frame00270-org.jpg,wavy,medium,medium,3,unknown
Frame00961-org.jpg,wavy,medium,dense,3,straight
Frame00393-org.jpg,wavy,thick,medium,1,curved
Frame00031-org.jpg,wavy,medium,medium,3,unknown
Frame00274-org.jpg,wavy,thick,medium,3,unknown
Frame00809-org.jpg,wavy,medium,medium,5,curved
Frame00388-org.jpg,wavy,medium,medium,3,unknown
Frame00951-org.jpg,wavy,thick,dense,3,unknown
Frame00649-org.jpg,wavy,thick,dense,3,unknown
Frame01022-org.jpg,wavy,medium,medium,3,unknown
Frame00215-org.jpg,wavy,thick,dense,3,unknown
Frame00589-org.jpg,wavy,thick,sparse,3,unknown
Frame00005-org.jpg,wavy,medium,dense,1,diagonal
Frame00329-org.jpg,wavy,thick,medium,3,unknown
Frame00338-org.jpg,wavy,medium,medium,3,unknown
Frame00332-org.jpg,wavy,thick,medium,3,unknown
Frame00272-org.jpg,wavy,thick,dense,1,straight
Frame01045-org.jpg,wavy,medium,medium,3,unknown
Frame00440-org.jpg,wavy,medium,medium,3,unknown
Frame01009-org.jpg,wavy,medium,medium,3,straight
Frame00562-org.jpg,wavy,medium,medium,3,unknown
Frame00103-org.jpg,wavy,medium,medium,3,straight
Frame00982-org.jpg,wavy,medium,dense,3,unknown
Frame01040-org.jpg,wavy,thick,sparse,3,unknown
Frame01008-org.jpg,wavy,medium,medium,3,curved
Frame00516-org.jpg,wavy,thick,medium,3,unknown
Frame00021-org.jpg,wavy,thick,medium,1,curved
Frame00346-org.jpg,wavy,thick,medium,3,unknown
Frame00041-org.jpg,wavy,medium,dense,3,straight
Frame00663-org.jpg,wavy,thick,medium,3,unknown
Frame00884-org.jpg,wavy,medium,dense,3,unknown
Frame00306-org.jpg,wavy,thick,medium,3,straight
Frame01017-org.jpg,wavy,thick,medium,3,unknown
Frame00838-org.jpg,wavy,thick,medium,3,unknown
Frame00938-org.jpg,wavy,medium,dense,3,unknown
Frame00984-org.jpg,wavy,thick,medium,3,unknown
Frame00728-org.jpg,wavy,medium,dense,3,unknown
Frame00706-org.jpg,wavy,medium,medium,3,unknown
Frame00217-org.jpg,wavy,medium,sparse,3,unknown
Frame00169-org.jpg,wavy,thick,medium,3,straight
Frame00697-org.jpg,wavy,medium,sparse,3,unknown
Frame00659-org.jpg,wavy,thick,dense,3,unknown
Frame00978-org.jpg,wavy,medium,medium,1,straight
Frame00043-org.jpg,wavy,medium,dense,3,unknown
Frame00155-org.jpg,wavy,thick,dense,3,straight
Frame00397-org.jpg,wavy,thick,dense,3,unknown
Frame00086-org.jpg,wavy,thick,medium,3,unknown
Frame00324-org.jpg,wavy,thick,medium,3,unknown
Frame00487-org.jpg,wavy,medium,dense,3,unknown
Frame00952-org.jpg,wavy,medium,dense,3,unknown
Frame00846-org.jpg,wavy,thick,medium,3,straight
Frame00149-org.jpg,wavy,medium,dense,3,unknown
Frame00039-org.jpg,wavy,thick,medium,3,unknown
Frame00065-org.jpg,wavy,medium,medium,5,straight
Frame01049-org.jpg,wavy,thick,dense,3,unknown
Frame00708-org.jpg,wavy,medium,medium,4,straight
Frame00647-org.jpg,wavy,thick,medium,1,curved
Frame00933-org.jpg,wavy,thick,medium,3,unknown
Frame00913-org.jpg,wavy,thick,dense,3,unknown
Frame00277-org.jpg,wavy,thick,dense,3,unknown
Frame00398-org.jpg,wavy,thick,medium,1,straight
Frame00121-org.jpg,wavy,medium,medium,3,unknown
Frame00758-org.jpg,wavy,thick,dense,3,unknown
Frame00661-org.jpg,wavy,thick,dense,3,unknown
Frame00196-org.jpg,wavy,thick,medium,3,unknown
Frame00188-org.jpg,wavy,thick,dense,3,unknown
Frame00959-org.jpg,wavy,medium,dense,3,unknown
Frame00700-org.jpg,wavy,thick,medium,3,unknown
Frame00081-org.jpg,wavy,medium,medium,3,unknown
Frame00406-org.jpg,wavy,thick,sparse,2,unknown
Frame00484-org.jpg,wavy,medium,dense,5,curved
Frame00581-org.jpg,wavy,medium,medium,5,unknown
Frame00222-org.jpg,wavy,thick,medium,3,unknown
Frame00547-org.jpg,wavy,medium,medium,3,unknown
Frame00055-org.jpg,wavy,thick,medium,3,straight
Frame00240-org.jpg,wavy,thick,dense,3,unknown
Frame00212-org.jpg,wavy,medium,medium,3,unknown
Frame00418-org.jpg,wavy,medium,medium,3,unknown
Frame00495-org.jpg,wavy,medium,medium,3,unknown
Frame00948-org.jpg,wavy,medium,dense,3,unknown
Frame00325-org.jpg,wavy,thick,medium,3,unknown
Frame00575-org.jpg,wavy,thick,dense,3,unknown
Frame00993-org.jpg,wavy,medium,sparse,3,straight
Frame00176-org.jpg,wavy,thick,medium,3,straight
Frame00371-org.jpg,wavy,medium,medium,3,unknown
Frame00372-org.jpg,wavy,thick,medium,3,unknown
Frame00208-org.jpg,wavy,thick,dense,3,unknown
Frame00220-org.jpg,wavy,medium,dense,3,unknown
Frame00688-org.jpg,wavy,medium,medium,3,unknown
Frame00922-org.jpg,wavy,medium,dense,1,straight
Frame00384-org.jpg,wavy,medium,medium,1,straight
Frame00722-org.jpg,wavy,medium,medium,3,unknown
Frame00749-org.jpg,wavy,medium,dense,3,unknown
Frame00756-org.jpg,wavy,thick,dense,3,unknown
Frame00878-org.jpg,wavy,medium,medium,1,curved
Frame00403-org.jpg,wavy,thick,dense,3,unknown
Frame00467-org.jpg,wavy,thick,dense,3,unknown
Frame00266-org.jpg,wavy,thick,dense,3,unknown
Frame00302-org.jpg,wavy,thick,medium,3,unknown
Frame00548-org.jpg,wavy,medium,dense,3,unknown
Frame00470-org.jpg,wavy,thick,medium,3,unknown
Frame00660-org.jpg,wavy,medium,medium,3,unknown
Frame00139-org.jpg,wavy,medium,medium,3,unknown
Frame00420-org.jpg,wavy,medium,medium,3,unknown
Frame00667-org.jpg,wavy,medium,medium,3,unknown
Frame00486-org.jpg,wavy,thick,medium,3,unknown
Frame00783-org.jpg,wavy,medium,dense,3,unknown
Frame00761-org.jpg,wavy,medium,dense,3,unknown
Frame00989-org.jpg,wavy,thick,medium,3,unknown
Frame00592-org.jpg,wavy,medium,medium,3,unknown
Frame00480-org.jpg,wavy,thick,dense,3,unknown
Frame00712-org.jpg,wavy,thick,dense,3,unknown
Frame00535-org.jpg,wavy,medium,medium,3,unknown
Frame00423-org.jpg,wavy,thick,dense,3,unknown
Frame00636-org.jpg,wavy,thick,dense,3,unknown
Frame00525-org.jpg,wavy,thick,dense,3,unknown
Frame00746-org.jpg,wavy,thick,dense,3,unknown
Frame00004-org.jpg,wavy,medium,medium,3,unknown
Frame00213-org.jpg,wavy,medium,medium,3,unknown
Frame00386-org.jpg,wavy,thick,medium,3,unknown
Frame00662-org.jpg,wavy,thick,medium,3,unknown
Frame00045-org.jpg,wavy,thick,dense,3,unknown
Frame00462-org.jpg,wavy,thick,dense,3,unknown
Frame00019-org.jpg,wavy,thick,medium,1,straight
Frame00947-org.jpg,wavy,medium,dense,3,unknown
Frame00814-org.jpg,wavy,thick,dense,3,unknown
Frame00651-org.jpg,wavy,thick,medium,1,diagonal
Frame00058-org.jpg,wavy,thick,medium,3,unknown
Frame01023-org.jpg,wavy,medium,sparse,3,unknown
Frame00204-org.jpg,wavy,medium,medium,5,straight
Frame00385-org.jpg,wavy,thick,medium,3,unknown
Frame00074-org.jpg,wavy,medium,medium,3,unknown
Frame00646-org.jpg,wavy,medium,medium,5,straight
Frame00126-org.jpg,wavy,medium,dense,1,straight
Frame00116-org.jpg,wavy,medium,dense,3,unknown
Frame00853-org.jpg,wavy,thick,dense,5,curved
Frame00923-org.jpg,wavy,medium,medium,3,straight
Frame00311-org.jpg,wavy,thick,dense,3,unknown
Frame00788-org.jpg,wavy,thick,dense,1,diagonal
Frame00280-org.jpg,wavy,medium,medium,5,straight
Frame00940-org.jpg,wavy,medium,medium,3,unknown
Frame00210-org.jpg,wavy,medium,medium,1,straight
Frame00414-org.jpg,wavy,thick,dense,3,unknown
Frame00867-org.jpg,wavy,medium,dense,3,unknown
Frame01027-org.jpg,straight,thick,sparse,3,unknown
Frame00201-org.jpg,wavy,thick,medium,5,straight
Frame00775-org.jpg,wavy,medium,medium,3,unknown
Frame00995-org.jpg,wavy,thick,medium,3,unknown
Frame00237-org.jpg,straight,thick,sparse,3,straight
Frame00784-org.jpg,wavy,thick,dense,5,straight
Frame00257-org.jpg,wavy,medium,dense,3,unknown
Frame00847-org.jpg,straight,thick,sparse,3,unknown
Frame00085-org.jpg,wavy,medium,sparse,3,unknown
Frame00675-org.jpg,wavy,medium,dense,3,unknown
Frame00370-org.jpg,wavy,thick,dense,3,unknown
Frame00536-org.jpg,wavy,medium,dense,3,unknown
Frame00790-org.jpg,wavy,medium,medium,3,curved
Frame00068-org.jpg,wavy,medium,medium,3,unknown
Frame00737-org.jpg,wavy,thick,medium,1,straight
Frame00072-org.jpg,wavy,thick,dense,5,curved
Frame00781-org.jpg,wavy,thick,dense,3,unknown
Frame00755-org.jpg,wavy,thick,dense,3,unknown
Frame00424-org.jpg,wavy,medium,medium,3,unknown
Frame00937-org.jpg,wavy,medium,medium,3,unknown
Frame00095-org.jpg,wavy,thick,medium,3,unknown
Frame00466-org.jpg,wavy,thick,medium,3,unknown
Frame00773-org.jpg,wavy,thick,medium,3,unknown
Frame00511-org.jpg,wavy,medium,dense,3,unknown
Frame00820-org.jpg,wavy,medium,medium,2,straight
Frame00209-org.jpg,wavy,medium,medium,1,straight
Frame00049-org.jpg,wavy,thick,dense,3,unknown
Frame00981-org.jpg,wavy,medium,medium,3,unknown
Frame00968-org.jpg,wavy,medium,dense,3,unknown
Frame00965-org.jpg,wavy,medium,dense,5,diagonal
Frame00604-org.jpg,wavy,thick,dense,3,unknown
Frame00056-org.jpg,wavy,thick,sparse,3,unknown
Frame00294-org.jpg,straight,thick,sparse,3,unknown
Frame00278-org.jpg,wavy,medium,medium,3,straight
Frame01048-org.jpg,wavy,medium,medium,5,straight
Frame00288-org.jpg,wavy,medium,dense,1,straight
Frame00336-org.jpg,wavy,thick,dense,3,straight
Frame00290-org.jpg,wavy,thick,medium,3,unknown
Frame00195-org.jpg,wavy,thick,dense,3,unknown
Frame00427-org.jpg,wavy,medium,medium,3,unknown
Frame00301-org.jpg,wavy,thick,medium,3,unknown
Frame00425-org.jpg,wavy,medium,medium,3,unknown
Frame00686-org.jpg,wavy,medium,dense,3,unknown
Frame00734-org.jpg,wavy,thick,dense,3,unknown
Frame00569-org.jpg,wavy,thick,medium,3,unknown
Frame00726-org.jpg,wavy,thick,medium,3,unknown
Frame00931-org.jpg,wavy,medium,medium,4,straight
Frame00340-org.jpg,wavy,thick,dense,3,straight
Frame00578-org.jpg,wavy,medium,medium,3,unknown
Frame00704-org.jpg,wavy,thick,dense,3,unknown
Frame00221-org.jpg,wavy,medium,medium,3,unknown
Frame00918-org.jpg,wavy,medium,medium,3,unknown
Frame00510-org.jpg,wavy,medium,medium,3,unknown
Frame00390-org.jpg,wavy,medium,medium,3,unknown
Frame00092-org.jpg,wavy,medium,medium,3,unknown
Frame00676-org.jpg,wavy,medium,medium,3,unknown
Frame00507-org.jpg,wavy,medium,medium,3,straight
Frame00271-org.jpg,wavy,medium,dense,3,unknown
Frame00075-org.jpg,wavy,thick,medium,1,straight
Frame00868-org.jpg,wavy,medium,medium,3,unknown
Frame00859-org.jpg,wavy,medium,medium,3,straight
Frame00157-org.jpg,wavy,thick,medium,3,straight
Frame00669-org.jpg,wavy,medium,sparse,3,unknown
Frame00242-org.jpg,wavy,medium,medium,3,unknown
Frame00791-org.jpg,wavy,medium,medium,3,straight
Frame00576-org.jpg,wavy,thick,dense,3,unknown
Frame01041-org.jpg,wavy,medium,sparse,3,unknown
Frame00489-org.jpg,wavy,medium,medium,3,unknown
Frame00082-org.jpg,wavy,medium,dense,3,unknown
Frame00179-org.jpg,wavy,thick,dense,3,unknown
Frame00572-org.jpg,wavy,thick,dense,3,unknown
Frame00764-org.jpg,wavy,thick,medium,3,unknown
Frame00104-org.jpg,wavy,medium,dense,2,straight
Frame00366-org.jpg,wavy,thick,dense,3,unknown
Frame01003-org.jpg,wavy,thick,medium,3,unknown
Frame00902-org.jpg,wavy,medium,medium,3,unknown
Frame01002-org.jpg,wavy,thick,dense,3,unknown
Frame00253-org.jpg,wavy,medium,dense,3,unknown
Frame00771-org.jpg,wavy,thick,dense,3,unknown
Frame00053-org.jpg,wavy,medium,dense,3,unknown
Frame00490-org.jpg,wavy,thick,medium,3,unknown
Frame00334-org.jpg,wavy,thick,medium,1,straight
Frame00828-org.jpg,wavy,thick,dense,3,unknown
Frame00721-org.jpg,wavy,medium,medium,3,unknown
Frame00561-org.jpg,wavy,medium,medium,3,straight
Frame00177-org.jpg,wavy,thick,medium,3,straight
Frame00632-org.jpg,wavy,medium,dense,3,unknown
Frame00033-org.jpg,wavy,medium,medium,2,diagonal
Frame00356-org.jpg,wavy,thick,medium,3,unknown
Frame00568-org.jpg,wavy,thick,dense,3,unknown
Frame00015-org.jpg,wavy,thick,medium,3,unknown
Frame00739-org.jpg,wavy,thick,sparse,3,unknown
Frame00307-org.jpg,wavy,medium,dense,3,straight
Frame00656-org.jpg,wavy,thick,medium,3,unknown
Frame00062-org.jpg,wavy,medium,dense,3,unknown
Frame00745-org.jpg,wavy,medium,medium,3,unknown
Frame00770-org.jpg,wavy,medium,medium,3,curved
Frame00972-org.jpg,wavy,medium,medium,3,unknown
Frame00310-org.jpg,wavy,thick,dense,3,unknown
Frame00740-org.jpg,wavy,medium,dense,3,unknown
Frame00451-org.jpg,wavy,thick,dense,3,unknown
Frame00163-org.jpg,wavy,thick,medium,3,straight
Frame00496-org.jpg,wavy,thick,dense,3,unknown
Frame00141-org.jpg,wavy,thick,dense,3,unknown
Frame00415-org.jpg,wavy,thick,dense,3,straight
Frame00543-org.jpg,wavy,medium,medium,5,straight
Frame00354-org.jpg,wavy,thick,medium,3,unknown
Frame00836-org.jpg,wavy,thick,medium,3,unknown
Frame00101-org.jpg,wavy,thick,sparse,3,straight
Frame00124-org.jpg,wavy,medium,medium,3,unknown
Frame01015-org.jpg,wavy,medium,dense,3,unknown
